ID,Description_lang,LimitCategory
3024,,0
3041,,0
187552,,0
211345,,0
228634,,0
236881,,680
237834,,0
240983,,698
242604,No blade can shed the blood of so many innocents and not demand a toll on its wielder as well. They are no treasure.,0
246085,,0
265714,"Chance to receive a Trovehunter's Bounty from a Bountiful delve's Heavy Trunk. Using this rare map will lead you to a Hidden Trove containing powerful equipment, bonus currencies, and a new or upgraded curio. Obtainable once per week per character.",0
268209,"Do you submit to de loa, or do de loa submit to you?",0
270175,,0
270354,,0
271456,,0
271474,,0
277800,,0
280377,,0
280422,A taste palatable only in death.,0
281245,,0
281248,,0
281566,,0
281571,,0
282426,,0
284846,,0
151800,"Doubt thou the stars are fire;
Doubt that the sun doth move.",357
5514,,4
13503,Can be used for transmutations in place of a Philosopher's Stone.,130
35748,Can be used for transmutations in place of a Philosopher's Stone.,130
