ID,ClassID,SubclassID,InventoryType,IconFileDataID
81443,4,4,1,648027
102662,4,1,6,877770
93050,4,2,8,609746
91575,4,3,5,588750
90444,4,3,8,631298
147277,4,0,12,971284
6384,4,0,4,135023
54769,4,3,9,132604
93114,4,0,2,645513
117031,4,0,11,629704
280118,4,0,12,1322720
151071,4,2,10,132959
115034,4,0,2,1028984
133525,4,4,5,575822
31343,4,1,7,134614
11929,4,1,7,134591
110751,4,2,3,969325
94851,2,10,17,801014
44802,4,0,23,237287
131502,4,3,5,132724
56535,4,3,10,458327
82073,4,4,8,648015
279655,2,1,17,7231718
14424,4,1,7,134589
16945,4,3,3,135064
95111,4,4,10,793159
69104,4,0,1,236456
61320,2,3,26,304711
36991,4,1,20,132704
127241,4,1,20,132679
20711,4,4,8,132583
228658,4,0,11,1391704
30898,4,2,7,134650
82045,2,0,13,650632
109476,4,6,14,134996
73459,2,4,13,527714
145825,4,0,12,135884
11839,4,1,1,133146
94137,4,2,8,659902
44031,4,4,8,132589
32663,2,1,17,132434
87822,4,3,5,631300
3211,4,3,9,132600
100814,2,2,15,875876
84048,4,3,9,647765
43803,4,4,7,134681
65199,4,2,10,461129
99107,4,3,20,901178
95547,2,0,13,803800
16545,4,4,8,132585
40400,4,6,14,134977
78247,4,2,3,135032
99968,2,10,17,659558
34014,2,1,17,132448
30722,2,1,17,132454
154383,4,4,7,0
164303,2,7,13,0
210307,4,3,3,0
147517,4,1,1,0
173600,4,3,6,0
145961,4,1,1,0
266379,2,13,13,0
125639,4,1,6,0
139983,4,3,5,0
126892,4,4,7,0
251656,2,4,13,0
267468,4,5,3,0
262407,4,5,8,0
106166,4,3,5,0
177753,4,2,3,0
145981,4,2,3,0
119978,4,4,3,0
158633,4,3,9,0
149127,4,4,8,0
199307,2,3,26,0
142969,4,3,6,0
125948,4,3,1,0
183731,4,4,7,0
185549,2,7,13,0
234937,4,4,6,0
180919,4,2,7,0
247555,4,4,1,0
184983,4,5,5,0
175603,4,1,9,0
150730,4,2,8,0
198584,4,4,10,0
183534,4,2,9,0
124955,4,2,8,0
238720,2,19,26,0
149215,4,3,8,0
214172,4,2,20,0
115681,4,1,3,0
136764,4,1,7,0
179623,4,1,16,0
224519,2,5,17,0
223374,4,1,20,0
210288,4,4,9,0
187590,4,4,3,0
257308,4,3,3,0
212620,4,5,3,0
180962,2,4,13,0
144597,4,2,1,0
167815,4,5,8,0
108914,2,7,13,0
106632,4,2,7,0
161534,4,3,7,0
218461,4,1,5,0
125554,4,2,7,0
249731,4,5,7,0
240722,4,1,7,0
100515,4,1,7,0
121508,4,3,1,0
220199,2,8,17,0
106521,4,3,5,0
255307,4,1,1,0
115684,4,3,6,0
136175,4,3,1,0
173591,4,2,3,0
106139,4,3,1,0
175635,4,1,9,0
214788,4,4,10,0
184263,2,1,17,0
129228,4,2,9,0
270212,4,5,1,0
149822,4,2,3,0
244752,4,2,1,0
106679,4,3,6,0
275393,4,0,4,0
163541,2,2,15,0
148090,4,3,20,0
199085,2,8,17,0
209108,4,1,20,0
145502,4,4,5,0
116943,4,1,10,0
175667,4,2,3,0
236772,2,8,17,0
270175,4,0,12,7956750
138342,4,3,1,0
167437,4,2,3,0
242565,2,15,22,0
2716,2,14,13,0
117,0,5,0,133972
22459,3,9,0,132886
5514,4,0,0,134104
