ID,DefaultIconFileDataID
940,0
1119,132600
2054,135023
3466,133146
2505,134587
2285,134594
4838,132585
5068,135064
5593,132583
7945,132454
8011,134650
7923,134614
6620,132434
8735,132447
9704,132704
10351,134977
10196,134681
9251,132587
11256,237287
1120,132600
13589,458327
14384,304711
14753,461129
8560,134177
16384,527714
5932,135032
17271,648027
17501,650632
17281,648015
17398,647765
18965,631300
18861,631298
17220,588750
18100,609746
20285,659902
20458,801014
20167,793159
20532,803800
20949,901178
19563,659558
21119,877776
21148,875876
21129,877770
21911,929919
21623,929917
22130,944152
21914,929914
22246,1068836
9765,134996
22678,969325
24106,1031599
24207,1031247
22460,961488
23981,1026789
26858,1116926
25962,1095666
25975,1095671
26201,1095286
26027,1096104
25644,1087372
6972,132679
26591,1115103
797,132725
16825,575822
27545,1134728
29758,1318381
29766,1318381
29904,1318373
31867,1318381
27344,1137679
29894,1318373
27833,1248332
33612,1550785
32907,1512750
33908,1567298
33985,1546405
33899,1567298
35112,1670296
34650,1561257
34634,1547860
35441,1544139
28226,1266397
14546,132959
35562,1586624
36084,1726331
38118,2054956
22345,949832
38570,792904
40228,2913001
40278,2913010
39795,2396771
19573,135099
19406,132515
41864,3384486
42009,3386275
42150,3313827
5285,135058
41872,3384488
42101,3450159
42745,3554193
36812,1805919
42054,3447988
41601,3222063
41605,3222063
44252,3850146
44629,3851528
28507,1278174
77317,4615259
77210,4546763
76774,4546504
76775,4546504
81565,5202180
81609,5202180
17274,648018
17483,651169
83441,5386422
19844,660460
17453,591165
93003,5890655
93121,5890655
93123,5890655
93027,5890655
84667,5328751
91105,5465210
82436,5847055
28401,1277721
28028,1257950
28029,1257950
28030,1257950
28031,1257950
28032,1259945
28033,1259945
28034,1259945
28035,1259945
28036,1260690
28037,1260690
28038,1260690
28039,1260690
28362,1268724
28365,1268724
28363,1268724
28364,1268724
28366,1270394
28367,1270394
28368,1270394
28369,1270394
31045,1345206
31046,1345206
31047,1345206
31048,1345206
1794,135139
27820,1113075
27031,1120132
27030,1120132
27032,1120132
27033,1120132
27035,1120131
27034,1120131
27036,1120131
27037,1120131
27039,1120130
27038,1120130
27040,1120130
27041,1120130
27042,1120129
27043,1120129
27044,1120129
27045,1120129
27047,1120128
27046,1120128
27048,1120128
27049,1120128
31262,1353272
31263,1353272
31264,1353272
31265,1353272
3282,133149
29644,1316219
29653,1316219
29452,1316219
32147,1316219
120317,7210329
120936,7196986
121135,7252747
70235,4185391
123159,7350794
127587,7428132
116134,7639548
129669,7722284
10937,135031
129974,7654750
