ID,FilePath,FileName
5386422,Interface\ICONS\,INV_Armor_ShoulderCape_C_01.blp
4185391,Interface\ICONS\,INV_Mail_DragonQuest_B_01_Shoulder.blp
1270394,Interface\ICONS\,INV_Sword_2H_ArtifactArathor_D_05.blp
3554193,Interface\ICONS\,INV_Mace_1H_RevendrethQuest_B_01.blp
132583,Interface\ICONS\,INV_Boots_Plate_02.blp
1120132,Interface\ICONS\,INV_Knife_1H_ArtifactFangs_D_01.blp
3851528,Interface\ICONS\,INV_Sword_1H_ProgenitorRaid_D_02.blp
132724,Interface\ICONS\,INV_Chest_Leather_09.blp
3850146,Interface\ICONS\,INV_Robe_Armor_BastionCosmetic_D_01.blp
133146,Interface\ICONS\,INV_Helmet_44.blp
7196986,Interface\ICONS\,INV_Misc_1H_Carrot_A_01.blp
609746,Interface\ICONS\,INV_Boots_Leather_DungeonLeather_C_06.blp
969325,Interface\ICONS\,INV_Shoulder_Leather_DraenorLFR_C_01.blp
134996,Interface\ICONS\,INV_Shield_51.blp
1137679,Interface\ICONS\,INV_Chest_Mail_LegionEndGame_C_01.blp
877770,Interface\ICONS\,INV_Cloth_PVPWarlock_G_01Belt.blp
961488,Interface\ICONS\,INV_Cloth_DraenorDungeon_C_01Glove.blp
135884,Interface\ICONS\,Spell_Holy_ChampionsBond.blp
1120128,Interface\ICONS\,INV_Knife_1H_ArtifactFangs_D_05.blp
1095666,Interface\ICONS\,INV_Boots_Leather_DraenorHonorS2_C_01.blp
135023,Interface\ICONS\,INV_Shirt_Blue_01.blp
237287,Interface\ICONS\,INV_Misc_EasterBasket.blp
132448,Interface\ICONS\,INV_Axe_61.blp
1318381,Interface\ICONS\,INV_Helm_Mail_RaidHunter_Q_01.blp
5890655,Interface\ICONS\,INV_Chest_Cloth_RaidMageNerubian_D_01.blp
650632,Interface\ICONS\,INV_Axe_1H_PandariaQuest_B_02.blp
1318373,Interface\ICONS\,INV_Helm_Mail_RaidHunterMythic_Q_01.blp
2913001,Interface\ICONS\,INV_Shoulder_Leather_NazjatarRaid_D_01.blp
132587,Interface\ICONS\,INV_Boots_Plate_06.blp
575822,Interface\ICONS\,INV_Chest_Plate_RaidDeathKnight_K_01.blp
631300,Interface\ICONS\,INV_Chest_Mail_RaidHunter_L_01.blp
1120129,Interface\ICONS\,INV_Knife_1H_ArtifactFangs_D_04.blp
132886,Interface\ICONS\,INV_Enchant_VoidSphere.blp
631298,Interface\ICONS\,INV_Boot_Mail_RaidHunter_L_01.blp
875876,Interface\ICONS\,INV_Bow_1h_OrgrimmarRaid_D_02.blp
901178,Interface\ICONS\,INV_Mail_RaidShaman_N_01Chest.blp
645513,Interface\ICONS\,INV_Jewelry_Necklace_86.blp
7350794,Interface\ICONS\,INV_Boot_Armor_KoboldOnesie_C_01.blp
132704,Interface\ICONS\,INV_Chest_Cloth_63.blp
1087372,Interface\ICONS\,INV_Plate_RaidWarriorMythic_P_01Pants.blp
1345206,Interface\ICONS\,INV_Axe_2H_ArtifactArathor_D_06.blp
132585,Interface\ICONS\,INV_Boots_Plate_04.blp
1257950,Interface\ICONS\,INV_Sword_2H_ArtifactArathor_D_01.blp
132589,Interface\ICONS\,INV_Boots_Plate_08.blp
877776,Interface\ICONS\,INV_Cloth_PVPWarlock_G_01Pant.blp
7252747,Interface\ICONS\,INV_Helm_Cloth_DungeonHarronir_C_01.blp
134650,Interface\ICONS\,INV_Pants_Leather_25.blp
135031,Interface\ICONS\,INV_Shirt_Yellow_01.blp
527714,Interface\ICONS\,INV_Mace_1h_PVPCataclysmS3_C_02.blp
132434,Interface\ICONS\,INV_Axe_44.blp
793159,Interface\ICONS\,INV_Gloves_Plate_RaidWarrior_M_01.blp
7639548,Interface\ICONS\,INV_Shoulder_Armor_SilvermoonBloodElf_B_01_vereesa.blp
1068836,Interface\ICONS\,INV_Sword_1h_DraenorQuest95_B_01.blp
5847055,Interface\ICONS\,INV_Mace_2H_NerubianRaid_D_01.blp
132600,Interface\ICONS\,INV_Bracer_01.blp
929914,Interface\ICONS\,INV_Mail_DraenorQuest90_B_01Belt.blp
1512750,Interface\ICONS\,INV_Chest_Plate_RaidPaladin_R_01.blp
1026789,Interface\ICONS\,INV_Shoulder_Plate_DraenorHonor_C_01.blp
1134728,Interface\ICONS\,INV_Pant_Cloth_LegionEndGame_C_01.blp
135032,Interface\ICONS\,INV_Shoulder_01.blp
135099,Interface\ICONS\,INV_Shoulder_74.blp
1550785,Interface\ICONS\,INV_Helm_Leather_RaidDruid_R_01.blp
1259945,Interface\ICONS\,INV_Sword_2H_ArtifactArathor_D_02.blp
133972,Interface\ICONS\,INV_MISC_FOOD_16.BLP
1095286,Interface\ICONS\,INV_Belt_Cloth_RaidWarlockMythic_P_01.blp
1546405,Interface\ICONS\,INV_Shoulder_Leather_LegionDungeon_C_02.blp
648015,Interface\ICONS\,INV_Boot_Plate_Panda_B_01Gold.blp
5202180,Interface\ICONS\,INV_Cloth_RaidWarlockEmerald_D_01_Chest.blp
135139,Interface\ICONS\,INV_Staff_02.blp
1096104,Interface\ICONS\,INV_helm_Mail_RaidShaman_P_01.blp
4546504,Interface\ICONS\,INV_Firearm_2H_DragonPVP_D_01.blp
3384486,Interface\ICONS\,INV_Bracer_Cloth_Ardenweald_D_01.blp
1586624,Interface\ICONS\,INV_Pant_Plate_LegionDungeon_C_03.blp
792904,Interface\ICONS\,INV_Sword_1H_Saurok_01.blp
3447988,Interface\ICONS\,INV_Pant_Plate_OribosQuesting_B_01.blp
1278174,Interface\ICONS\,INV_Shoulder_Plate_LordRavencrest_B_01.blp
1726331,Interface\ICONS\,INV_Brace_Mail_Kultirasquest_b_01.blp
458327,Interface\ICONS\,INV_Gauntlets_Mail_DungeonMail_C_04.blp
132515,Interface\ICONS\,INV_Belt_26.blp
3384488,Interface\ICONS\,INV_Cape_Chest_Ardenweald_D_01.blp
134587,Interface\ICONS\,INV_Pants_07.blp
1277721,Interface\ICONS\,INV_Belt_Plate_VrykulWarrior_B_01.blp
135058,Interface\ICONS\,INV_Shoulder_27.blp
4615259,Interface\ICONS\,INV_Glove_Plate_DragonPVP_D_01.blp
134104,Interface\ICONS\,INV_Misc_Gem_Emerald_01.blp
1316219,Interface\ICONS\,INV_Helm_Plate_RaidPaladinMythic_Q_01.blp
1028984,Interface\ICONS\,INV_60PVP_Neck2A.blp
1670296,Interface\ICONS\,INV_Robe_Mail_RaidShaman_S_01.blp
132725,Interface\ICONS\,INV_Chest_Leather_10.blp
1567298,Interface\ICONS\,INV_Helm_Cloth_LegionDungeon_C_02.blp
1120130,Interface\ICONS\,INV_Knife_1H_ArtifactFangs_D_03.blp
3386275,Interface\ICONS\,INV_Bracer_Cloth_OribosQuesting_B_01.blp
7210329,Interface\ICONS\,INV_Pant_Armor_Winter_D_01.blp
134681,Interface\ICONS\,INV_Pants_Plate_05.blp
1248332,Interface\ICONS\,INV_Belt_Mail_LegionHonor_D_01.blp
1266397,Interface\ICONS\,INV_Boot_Leather_DemonHunter_A_01.blp
1353272,Interface\ICONS\,INV_knife_1h_ArtifactFangs_D_06.blp
2913010,Interface\ICONS\,INV_Shoulder_Leather_NazjatarRaidMythic_D_01.blp
588750,Interface\ICONS\,INV_Chest_Mail_PVPHunter_E_01.blp
3222063,Interface\ICONS\,INV_Axe_2H_Maldraxxus_D_01.blp
1113075,Interface\ICONS\,INV_Pant_Cloth_LegionQuest100_B_01.blp
1115103,Interface\ICONS\,INV_bracer_Leather_LegionQuest100_B_01.blp
134591,Interface\ICONS\,INV_Pants_11.blp
1547860,Interface\ICONS\,INV_Boot_Mail_RaidHunterMythic_S_01.blp
134614,Interface\ICONS\,INV_Pants_Cloth_20.blp
659558,Interface\ICONS\,INV_Stave_2h_PVPPandariaS2_C_03Horde.blp
1031247,Interface\ICONS\,INV_BELT_Mail_PVPHunter_O_01.blp
801014,Interface\ICONS\,INV_Staff_2H_Zandalari_C_01.blp
3450159,Interface\ICONS\,INV_Pant_Leather_Revendreth_D_01.blp
1322720,Interface\ICONS\,Ability_PVP_GladiatorMedallion.blp
132454,Interface\ICONS\,INV_Axe_67.blp
7722284,Interface\ICONS\,INV_Helm_Armor_Venthyr_D_01.blp
134977,Interface\ICONS\,INV_Shield_32.blp
7231718,Interface\ICONS\,INV_Axe_2H_DungeonHarronir_C_01.blp
929919,Interface\ICONS\,INV_Mail_DraenorQuest90_B_01Helm.blp
651169,Interface\ICONS\,INV_Shoulder_Mail_Panda_B_02Blue.blp
4546763,Interface\ICONS\,INV_Sword_2H_DragonPVP_01.blp
929917,Interface\ICONS\,INV_Mail_DraenorQuest90_B_01Chest.blp
304711,Interface\ICONS\,INV_Weapon_Bow_52.blp
659902,Interface\ICONS\,INV_Boots_Leather_PVPRogue_F_01.blp
461129,Interface\ICONS\,INV_Gauntlets_Leather_RaidDruid_I_01.blp
5328751,Interface\ICONS\,INV_Sword_2H_ArathorOutdoor_D_01.blp
134177,Interface\ICONS\,INV_Misc_Head_Troll_01.blp
944152,Interface\ICONS\,INV_Leather_DraenorQuest95_B_01Pant.blp
1116926,Interface\ICONS\,INV_Helm_Mail_LegionQuest100_B_01.blp
949832,Interface\ICONS\,INV_Bow_1h_DraenorCrafted_D_01_B_Alliance.blp
1120131,Interface\ICONS\,INV_Knife_1H_ArtifactFangs_D_02.blp
7428132,Interface\ICONS\,INV_Hand_1H_RaidMidnight_D_01.blp
1095671,Interface\ICONS\,INV_Pants_Leather_DraenorHonorS2_C_01.blp
660460,Interface\ICONS\,INV_Leather_RaidDruid_M_01Robe.blp
629704,Interface\ICONS\,INV_Jewelry_Ring_128.blp
1805919,Interface\ICONS\,INV_Leather_WarfrontsAlliance_B_01_Bracer.blp
132679,Interface\ICONS\,INV_Chest_Cloth_38.blp
132447,Interface\ICONS\,INV_Axe_60.blp
803800,Interface\ICONS\,INV_Axe_2h_ThunderIsleRaid_D_01.blp
132959,Interface\ICONS\,INV_Gauntlets_25.blp
134589,Interface\ICONS\,INV_Pants_09.blp
134594,Interface\ICONS\,INV_Pants_14.blp
648027,Interface\ICONS\,INV_Helm_Plate_Panda_B_01Blue.blp
1544139,Interface\ICONS\,INV_shoulder_Leather_LegionDungeon_C_03.blp
1031599,Interface\ICONS\,INV_Shoulder_Cloth_PVPMage_O_01.blp
5465210,Interface\ICONS\,INV_Robe_Cloth_UndergroundQuest_B_01.blp
1260690,Interface\ICONS\,INV_Sword_2H_ArtifactArathor_D_03.blp
7956750,Interface\ICONS\,INV_121_Trinket_Raid_Ulatek_Heart.blp
236456,Interface\ICONS\,Achievement_Character_Troll_Male.blp
591165,Interface\ICONS\,INV_Gauntlets_Plate_Panda_B_02.blp
135064,Interface\ICONS\,INV_Shoulder_33.blp
971284,Interface\ICONS\,Inv_misc_trinket6oIH_lanternB1.blp
2396771,Interface\ICONS\,INV_Boot_Armor_BrawlersGuild_D_01.blp
3313827,Interface\ICONS\,INV_Shoulder_Leather_OribosQuesting_B_01.blp
648018,Interface\ICONS\,INV_Bracer_Plate_Panda_B_01Blue.blp
1268724,Interface\ICONS\,INV_Sword_2H_ArtifactArathor_D_04.blp
132604,Interface\ICONS\,INV_Bracer_05.blp
1561257,Interface\ICONS\,INV_Plate_RaidWarrior_S_01Boots.blp
2054956,Interface\ICONS\,INV_Pant_Mail_ZandalarDungeon_C_01.blp
1391704,Interface\ICONS\,INV_70_Quest_Ring2b.blp
7654750,Interface\ICONS\,INV_Axe_2H_OutdoorAmaniLoa_C_01.blp
647765,Interface\ICONS\,INV_Bracer_Mail_Panda_B_01Green.blp
133149,Interface\ICONS\,INV_Helmet_47.blp
130646,Interface\AbilitiesFrame\,UI-AbilityPanel-BotLeft.blp
130647,Interface\AbilitiesFrame\,UI-AbilityPanel-BotRight.blp
134049,Interface\ICONS\,INV_Misc_Food_93_SkethylBerries .blp
